relative_path	size_bytes	sha256
gpu/cellbender_counts.h5	2530306	13cd5d792175d07de0adcc6eb1b7c6cad8b613fbe47230cae507cf3ac99bd0e3
gpu/cellbender_counts.log	5628	9fed033b49d2d44ad8395ee8fbde4abd1c96474b6ea2ecfcc0f0e21ec6ad162d
gpu/cellbender_counts.pdf	49612	ee9a04d768948f7f967d9ed9f5a6ba15c07f6093d1ec9561f71ec3a78d0ffc80
gpu/cellbender_counts_cell_barcodes.csv	11951	f458a01b4827e3d76496736080f81fd2db0e13d7ce2bd61766a5a4df83c187ee
gpu/cellbender_counts_filtered.h5	1548704	bd4b4b973887a8295e25f076063c5ef8963d69ce3b13169dd0c66bc4aa499c9a
gpu/cellbender_counts_metrics.csv	708	8f238d2b10de97b42b2a3f841e27c7c31263c2a13d684dba74b8e5088e21ae27
gpu/cellbender_counts_posterior.h5	1264842	3cc4e113f5b9c76e50e213ed411745f2975e91102f3e53a7058ecedc8f77d95b
gpu/cellbender_counts_report.html	1314285	9e47d173771b486303e9f3f38b4d62fe33589cf389afcc64d3a5cc0bfdec446e
gpu/ckpt.tar.gz	1079813389	9a1b09957498750952abd5436d377e8bc94b1a06c951337f7ac2145c13b3e3c6
